{"cameraMode":{"drawMode":0,"name":"Shaded","section":"Shading Mode"},"sceneLighting":false,"audioPlay":false,"sceneViewState":{"showFog":true,"showMaterialUpdate":false,"showSkybox":false,"showFlares":true,"showImageEffects":true,"showParticleSystems":true},"in2DMode":false,"pivot":{"x":0.23056405782699586,"y":-4.602583885192871,"z":1.447539210319519},"rotation":{"x":-0.021448079496622087,"y":-0.9092742800712586,"z":0.4129579961299896,"w":-0.04722846671938896},"size":1.6666635274887086,"orthographic":false}