{"cameraMode":{"drawMode":0,"name":"Shaded","section":"Shading Mode"},"sceneLighting":true,"audioPlay":false,"sceneViewState":{"showFog":true,"showMaterialUpdate":false,"showSkybox":true,"showFlares":true,"showImageEffects":true,"showParticleSystems":true},"in2DMode":false,"pivot":{"x":-0.9552350640296936,"y":4.451433181762695,"z":-1.785132646560669},"rotation":{"x":0.21656852960586549,"y":0.02928330935537815,"z":-0.006498959846794605,"w":0.9758079648017883},"size":17.510948181152345,"orthographic":true}